article_id,title,topic,excerpt,body,published_at,published_version,estimated_revision_hours
guide-account,首次登录与账号激活,账号,首次登录与账号激活的办理步骤与常见问题。,"首次使用前，确认已收到账号开通通知。打开登录页面，输入工作账号并设置口令。
如果无法收到验证码，请先检查联系方式；仍无法登录时联系支持人员。现有说明没有区分账号未开通、口令错误和验证失败。",2026-06-16T16:00:00+00:00,history-v1,2
guide-device,新电脑配置指南,设备,新电脑配置指南的办理步骤与常见问题。,"领取电脑后完成首次开机，连接网络并安装常用工具。按页面提示完成设备登记。
安装失败时保存错误信息并联系设备支持。不同操作系统的步骤尚未分别说明。",2026-06-17T16:00:00+00:00,history-v1,3
guide-expense,第一次报销如何提交,报销,第一次报销如何提交的办理步骤与常见问题。,"整理发票与付款材料，填写费用类型、金额和业务用途，提交给对应审批人。
审批通过后等待处理。现有说明未列明电子发票重复提交、金额不一致和退回后的处理办法。",2026-06-18T16:00:00+00:00,history-v1,4
guide-remote,远程连接常见问题,网络,远程连接常见问题的办理步骤与常见问题。,"远程办公前检查网络连接，再启动远程访问客户端。登录后选择需要访问的资源。
若连接失败，可尝试重新连接。网络不可达、账号权限不足和客户端异常目前共用同一段说明。",2026-06-19T16:00:00+00:00,history-v1,3
guide-map,入职第一周办事清单,入职,入职第一周办事清单的办理步骤与常见问题。,"第一周建议完成账号激活、设备领取、必要权限申请和团队资料阅读。
清单用于帮助安排办理顺序；具体操作可查看各主题指南。活动邀请页面也会链接到这份清单。",2026-06-20T16:00:00+00:00,history-v1,2
guide-permission,申请项目访问权限,权限,申请项目访问权限的办理步骤与常见问题。,"确认需要访问的项目和申请理由，在权限申请页面选择项目并提交。
审批后重新登录。现有说明没有解释项目负责人、审批人和实际授权人不一致时的处理方式。",2026-06-21T16:00:00+00:00,history-v1,2
guide-faq,常见问题速查,综合,常见问题速查的办理步骤与常见问题。,"常见问题包括忘记口令、找不到表单、浏览器无法打开链接。
请先确认访问地址和账号状态，再查看对应主题说明。仍未解决时向支持人员提供具体步骤和错误信息。",2026-06-22T16:00:00+00:00,history-v1,1
guide-search,如何查找团队资料,检索,如何查找团队资料的办理步骤与常见问题。,"使用团队资料入口按关键词检索，可结合项目名称缩小范围。
搜索不到时检查关键词与访问权限，也可询问资料维护人。该指南近期发布，可观察的访问时间较短。",2026-08-12T16:00:00+00:00,history-v1,2
