feedback_id,session_id,article_id,content_version,occurred_at,received_at,value,comment
f-00-0000,s-00-0000,guide-account,history-v1,2026-08-11T13:05:03+00:00,2026-08-11T21:05:09+08:00,unhelpful,步骤对不上当前页面
f-00-0002,s-00-0002,guide-account,history-v1,2026-08-05T04:53:03+08:00,2026-08-04T20:53:09+00:00,helpful,内容清楚
f-00-0005,s-00-0005,guide-account,history-v1,2026-08-04T22:34:39+08:00,2026-08-04T14:34:45+00:00,helpful,按步骤完成了
f-00-0006,s-00-0006,guide-account,history-v1,2026-08-03T22:41:44+00:00,2026-08-04T06:41:50+08:00,unhelpful,缺少需要准备的材料
f-00-0008,s-00-0008,guide-account,history-v1,2026-08-10T23:49:43+08:00,2026-08-10T15:49:49+00:00,helpful,内容清楚
f-00-0017,s-00-0017,guide-account,history-v1,2026-08-04T16:53:58+08:00,2026-08-04T08:54:04+00:00,helpful,按步骤完成了
f-00-0020,s-00-0020,guide-account,history-v1,2026-08-13T04:31:41+08:00,2026-08-12T20:31:47+00:00,helpful,按步骤完成了
f-00-0023,s-00-0023,guide-account,history-v1,2026-08-11T14:41:00+08:00,2026-08-11T06:41:06+00:00,helpful,方便查找
f-00-0032,s-00-0032,guide-account,history-v1,2026-08-07T11:19:32+08:00,2026-08-07T03:19:38+00:00,helpful,方便查找
f-00-0036,s-00-0036,guide-account,history-v1,2026-08-02T19:37:59+00:00,2026-08-03T03:38:05+08:00,helpful,按步骤完成了
f-00-0038,s-00-0038,guide-account,history-v1,2026-08-11T08:06:41+08:00,2026-08-11T00:06:47+00:00,helpful,内容清楚
f-00-0043,s-00-0043,guide-account,history-v1,2026-08-11T22:52:29+08:00,2026-08-11T22:52:35+08:00,helpful,内容清楚
f-00-0051,s-00-0051,guide-account,history-v1,2026-08-05T17:18:56+00:00,2026-08-06T01:19:02+08:00,unhelpful,缺少需要准备的材料
f-00-0052,s-00-0052,guide-account,history-v1,2026-08-01T15:10:41+08:00,2026-08-01T15:10:47+08:00,helpful,方便查找
f-00-0058,s-00-0058,guide-account,history-v1,2026-08-06T23:13:31+08:00,2026-08-06T23:13:37+08:00,helpful,按步骤完成了
f-00-0061,s-00-0061,guide-account,history-v1,2026-08-02T06:18:26+08:00,2026-08-02T06:18:32+08:00,helpful,方便查找
f-00-0062,s-00-0062,guide-account,history-v1,2026-08-12T18:14:54+08:00,2026-08-12T10:15:00+00:00,helpful,方便查找
f-00-0064,s-00-0064,guide-account,history-v1,2026-08-10T23:25:15+08:00,2026-08-10T23:25:21+08:00,unhelpful,步骤对不上当前页面
f-00-0074,s-00-0074,guide-account,history-v1,2026-08-10T06:08:04+08:00,2026-08-09T22:08:10+00:00,helpful,按步骤完成了
f-00-0075,s-00-0075,guide-account,history-v1,2026-08-04T02:14:25+00:00,2026-08-04T10:14:31+08:00,unhelpful,遇到错误后不知道下一步
f-00-0078,s-00-0078,guide-account,history-v1,2026-08-12T18:55:07+00:00,2026-08-13T02:55:13+08:00,helpful,按步骤完成了
f-00-0084,s-00-0084,guide-account,history-v1,2026-08-01T05:04:13+00:00,2026-08-01T13:04:19+08:00,unhelpful,遇到错误后不知道下一步
f-00-0086,s-00-0086,guide-account,history-v1,2026-08-09T05:03:57+08:00,2026-08-08T21:04:03+00:00,helpful,按步骤完成了
f-00-0090,s-00-0090,guide-account,history-v1,2026-08-01T19:55:24+00:00,2026-08-02T03:55:30+08:00,helpful,方便查找
f-00-0095,s-00-0095,guide-account,history-v1,2026-08-08T03:43:57+08:00,2026-08-07T19:44:03+00:00,unhelpful,步骤对不上当前页面
f-00-0099,s-00-0099,guide-account,history-v1,2026-08-13T09:50:24+00:00,2026-08-13T17:50:30+08:00,unhelpful,缺少需要准备的材料
f-00-0101,s-00-0101,guide-account,history-v1,2026-08-14T12:07:43+08:00,2026-08-14T04:07:49+00:00,helpful,方便查找
f-00-0106,s-00-0106,guide-account,history-v1,2026-08-13T06:09:13+08:00,2026-08-13T06:09:19+08:00,helpful,方便查找
f-00-0108,s-00-0108,guide-account,history-v1,2026-08-10T19:49:12+00:00,2026-08-11T03:49:18+08:00,helpful,内容清楚
f-00-0115,s-00-0115,guide-account,history-v1,2026-08-06T05:49:40+08:00,2026-08-06T05:49:46+08:00,helpful,按步骤完成了
f-00-0121,s-00-0121,guide-account,history-v1,2026-08-04T14:33:06+08:00,2026-08-04T14:33:12+08:00,helpful,内容清楚
f-00-0125,s-00-0125,guide-account,history-v1,2026-08-09T17:55:25+08:00,2026-08-09T09:55:31+00:00,unhelpful,缺少需要准备的材料
f-00-0129,s-00-0129,guide-account,history-v1,2026-08-13T04:59:28+00:00,2026-08-13T12:59:34+08:00,helpful,方便查找
f-00-0130,s-00-0130,guide-account,history-v1,2026-08-08T18:20:50+08:00,2026-08-08T18:20:56+08:00,helpful,方便查找
f-00-0135,s-00-0135,guide-account,history-v1,2026-08-03T21:06:12+00:00,2026-08-04T05:06:18+08:00,helpful,方便查找
f-00-0139,s-00-0139,guide-account,history-v1,2026-08-07T17:20:03+08:00,2026-08-07T17:20:09+08:00,helpful,按步骤完成了
f-00-0140,s-00-0140,guide-account,history-v1,2026-08-14T09:48:33+08:00,2026-08-14T01:48:39+00:00,unhelpful,步骤对不上当前页面
f-00-0144,s-00-0144,guide-account,history-v1,2026-08-02T15:08:55+00:00,2026-08-02T23:09:01+08:00,helpful,方便查找
f-00-0149,s-00-0149,guide-account,history-v1,2026-08-06T09:25:47+08:00,2026-08-06T01:25:53+00:00,helpful,内容清楚
f-00-0150,s-00-0150,guide-account,history-v1,2026-08-09T02:31:03+00:00,2026-08-09T10:31:09+08:00,unhelpful,缺少需要准备的材料
f-00-0152,s-00-0152,guide-account,history-v1,2026-08-06T09:29:00+08:00,2026-08-06T01:29:06+00:00,unhelpful,步骤对不上当前页面
f-00-0153,s-00-0153,guide-account,history-v1,2026-08-09T04:32:34+00:00,2026-08-09T12:32:40+08:00,unhelpful,步骤对不上当前页面
f-00-0155,s-00-0155,guide-account,history-v1,2026-08-02T14:11:35+08:00,2026-08-02T06:11:41+00:00,helpful,按步骤完成了
f-00-0162,s-00-0162,guide-account,history-v1,2026-08-02T03:41:34+00:00,2026-08-02T11:41:40+08:00,helpful,按步骤完成了
f-00-0164,s-00-0164,guide-account,history-v1,2026-08-13T19:07:33+08:00,2026-08-13T11:07:39+00:00,helpful,方便查找
f-00-0165,s-00-0165,guide-account,history-v1,2026-08-05T20:22:59+00:00,2026-08-06T04:23:05+08:00,unhelpful,遇到错误后不知道下一步
f-00-0167,s-00-0167,guide-account,history-v1,2026-08-10T03:52:04+08:00,2026-08-09T19:52:10+00:00,helpful,方便查找
f-00-0172,s-00-0172,guide-account,history-v1,2026-08-03T11:10:50+08:00,2026-08-03T11:10:56+08:00,helpful,按步骤完成了
f-00-0175,s-00-0175,guide-account,history-v1,2026-08-12T08:21:03+08:00,2026-08-12T08:21:09+08:00,unhelpful,遇到错误后不知道下一步
f-00-0183,s-00-0183,guide-account,history-v1,2026-08-04T14:44:11+00:00,2026-08-04T22:44:17+08:00,helpful,方便查找
f-00-0189,s-00-0189,guide-account,history-v1,2026-08-14T06:00:31+00:00,2026-08-14T14:00:37+08:00,helpful,方便查找
f-00-0197,s-00-0197,guide-account,history-v1,2026-08-08T03:54:57+08:00,2026-08-07T19:55:03+00:00,unhelpful,遇到错误后不知道下一步
f-00-0200,s-00-0200,guide-account,history-v1,2026-08-13T11:03:52+08:00,2026-08-13T03:03:58+00:00,helpful,内容清楚
f-00-0216,s-00-0216,guide-account,history-v1,2026-08-09T17:01:11+00:00,2026-08-10T01:01:17+08:00,unhelpful,步骤对不上当前页面
f-00-0218,s-00-0218,guide-account,history-v1,2026-08-03T09:58:19+08:00,2026-08-03T01:58:25+00:00,unhelpful,步骤对不上当前页面
f-00-0225,s-00-0225,guide-account,history-v1,2026-08-14T05:56:41+00:00,2026-08-14T13:56:47+08:00,helpful,方便查找
f-00-0226,s-00-0226,guide-account,history-v1,2026-08-10T13:00:48+08:00,2026-08-10T13:00:54+08:00,unhelpful,遇到错误后不知道下一步
f-00-0235,s-00-0235,guide-account,history-v1,2026-08-05T01:41:24+08:00,2026-08-05T01:41:30+08:00,helpful,方便查找
f-00-0243,s-00-0243,guide-account,history-v1,2026-08-03T19:09:12+00:00,2026-08-04T03:09:18+08:00,helpful,按步骤完成了
f-00-0247,s-00-0247,guide-account,history-v1,2026-08-13T21:15:14+08:00,2026-08-13T21:15:20+08:00,helpful,内容清楚
f-00-0253,s-00-0253,guide-account,history-v1,2026-08-02T13:02:50+08:00,2026-08-02T13:02:56+08:00,helpful,方便查找
f-00-0254,s-00-0254,guide-account,history-v1,2026-08-14T20:29:53+08:00,2026-08-14T12:29:59+00:00,helpful,按步骤完成了
f-00-0256,s-00-0256,guide-account,history-v1,2026-08-04T15:05:42+08:00,2026-08-04T15:05:48+08:00,helpful,内容清楚
f-00-0257,s-00-0257,guide-account,history-v1,2026-08-10T16:24:10+08:00,2026-08-10T08:24:16+00:00,helpful,内容清楚
f-00-0258,s-00-0258,guide-account,history-v1,2026-08-07T07:14:06+00:00,2026-08-07T15:14:12+08:00,helpful,方便查找
f-01-0009,s-01-0009,guide-device,history-v1,2026-08-12T16:50:50+00:00,2026-08-13T00:50:56+08:00,helpful,按步骤完成了
f-01-0012,s-01-0012,guide-device,history-v1,2026-08-06T04:09:19+00:00,2026-08-06T12:09:25+08:00,helpful,方便查找
f-01-0013,s-01-0013,guide-device,history-v1,2026-08-04T05:56:43+08:00,2026-08-04T05:56:49+08:00,helpful,按步骤完成了
f-01-0019,s-01-0019,guide-device,history-v1,2026-08-02T16:45:28+08:00,2026-08-02T16:45:34+08:00,helpful,方便查找
f-01-0022,s-01-0022,guide-device,history-v1,2026-08-07T11:35:38+08:00,2026-08-07T11:35:44+08:00,helpful,内容清楚
f-01-0023,s-01-0023,guide-device,history-v1,2026-08-14T00:00:00+08:00,2026-08-13T16:00:06+00:00,helpful,方便查找
f-01-0027,s-01-0027,guide-device,history-v1,2026-08-13T20:43:46+00:00,2026-08-14T04:43:52+08:00,unhelpful,遇到错误后不知道下一步
f-01-0035,s-01-0035,guide-device,history-v1,2026-08-01T07:37:32+08:00,2026-07-31T23:37:38+00:00,unhelpful,缺少需要准备的材料
f-01-0049,s-01-0049,guide-device,history-v1,2026-08-01T16:16:48+08:00,2026-08-01T16:16:54+08:00,unhelpful,缺少需要准备的材料
f-01-0056,s-01-0056,guide-device,history-v1,2026-08-04T11:31:53+08:00,2026-08-04T03:31:59+00:00,helpful,方便查找
f-01-0065,s-01-0065,guide-device,history-v1,2026-08-03T20:44:23+08:00,2026-08-03T12:44:29+00:00,unhelpful,步骤对不上当前页面
f-01-0067,s-01-0067,guide-device,history-v1,2026-08-14T17:28:19+08:00,2026-08-14T17:28:25+08:00,helpful,按步骤完成了
f-01-0068,s-01-0068,guide-device,history-v1,2026-08-11T21:25:02+08:00,2026-08-11T13:25:08+00:00,helpful,内容清楚
f-01-0069,s-01-0069,guide-device,history-v1,2026-08-09T17:45:26+00:00,2026-08-10T01:45:32+08:00,helpful,按步骤完成了
f-01-0078,s-01-0078,guide-device,history-v1,2026-08-10T18:44:10+00:00,2026-08-11T02:44:16+08:00,helpful,按步骤完成了
f-01-0081,s-01-0081,guide-device,history-v1,2026-08-12T14:00:55+00:00,2026-08-12T22:01:01+08:00,helpful,内容清楚
f-01-0083,s-01-0083,guide-device,history-v1,2026-08-13T23:05:35+08:00,2026-08-13T15:05:41+00:00,unhelpful,步骤对不上当前页面
f-01-0085,s-01-0085,guide-device,history-v1,2026-08-03T15:08:32+08:00,2026-08-03T15:08:38+08:00,helpful,按步骤完成了
f-01-0088,s-01-0088,guide-device,history-v1,2026-08-07T15:27:42+08:00,2026-08-07T15:27:48+08:00,helpful,按步骤完成了
f-01-0094,s-01-0094,guide-device,history-v1,2026-08-01T01:17:24+08:00,2026-08-01T01:17:30+08:00,helpful,内容清楚
f-01-0103,s-01-0103,guide-device,history-v1,2026-08-03T05:43:02+08:00,2026-08-03T05:43:08+08:00,helpful,方便查找
f-01-0104,s-01-0104,guide-device,history-v1,2026-08-14T13:05:12+08:00,2026-08-14T05:05:18+00:00,helpful,内容清楚
f-01-0106,s-01-0106,guide-device,history-v1,2026-08-09T22:23:27+08:00,2026-08-09T22:23:33+08:00,helpful,按步骤完成了
f-01-0113,s-01-0113,guide-device,history-v1,2026-08-01T22:42:07+08:00,2026-08-01T14:42:13+00:00,unhelpful,缺少需要准备的材料
f-01-0119,s-01-0119,guide-device,history-v1,2026-08-03T22:17:32+08:00,2026-08-03T14:17:38+00:00,helpful,方便查找
f-01-0123,s-01-0123,guide-device,history-v1,2026-08-14T11:58:04+00:00,2026-08-14T19:58:10+08:00,helpful,按步骤完成了
f-01-0134,s-01-0134,guide-device,history-v1,2026-08-10T15:15:55+08:00,2026-08-10T07:16:01+00:00,helpful,按步骤完成了
f-01-0140,s-01-0140,guide-device,history-v1,2026-08-12T14:59:38+08:00,2026-08-12T06:59:44+00:00,unhelpful,步骤对不上当前页面
f-01-0146,s-01-0146,guide-device,history-v1,2026-08-14T11:55:00+08:00,2026-08-14T03:55:06+00:00,helpful,按步骤完成了
f-01-0148,s-01-0148,guide-device,history-v1,2026-08-02T08:28:39+08:00,2026-08-02T08:28:45+08:00,helpful,按步骤完成了
f-01-0154,s-01-0154,guide-device,history-v1,2026-08-09T13:20:57+08:00,2026-08-09T13:21:03+08:00,helpful,按步骤完成了
f-01-0156,s-01-0156,guide-device,history-v1,2026-08-12T11:27:24+00:00,2026-08-12T19:27:30+08:00,helpful,方便查找
f-01-0160,s-01-0160,guide-device,history-v1,2026-08-10T18:15:55+08:00,2026-08-10T18:16:01+08:00,helpful,按步骤完成了
f-01-0161,s-01-0161,guide-device,history-v1,2026-08-12T17:54:09+08:00,2026-08-12T09:54:15+00:00,helpful,内容清楚
f-01-0163,s-01-0163,guide-device,history-v1,2026-08-12T01:29:10+08:00,2026-08-12T01:29:16+08:00,helpful,方便查找
f-01-0178,s-01-0178,guide-device,history-v1,2026-08-06T17:54:15+08:00,2026-08-06T17:54:21+08:00,unhelpful,遇到错误后不知道下一步
f-01-0179,s-01-0179,guide-device,history-v1,2026-08-07T18:14:38+08:00,2026-08-07T10:14:44+00:00,unhelpful,缺少需要准备的材料
f-01-0185,s-01-0185,guide-device,history-v1,2026-08-09T20:15:54+08:00,2026-08-09T12:16:00+00:00,helpful,内容清楚
f-02-0016,s-02-0016,guide-expense,history-v1,2026-08-02T19:59:26+08:00,2026-08-02T19:59:32+08:00,unhelpful,遇到错误后不知道下一步
f-02-0024,s-02-0024,guide-expense,history-v1,2026-08-02T01:37:56+00:00,2026-08-02T09:38:02+08:00,helpful,按步骤完成了
f-02-0029,s-02-0029,guide-expense,history-v1,2026-08-06T11:48:11+08:00,2026-08-06T03:48:17+00:00,unhelpful,遇到错误后不知道下一步
f-02-0030,s-02-0030,guide-expense,history-v1,2026-07-31T23:53:18+00:00,2026-08-01T07:53:24+08:00,unhelpful,遇到错误后不知道下一步
f-02-0033,s-02-0033,guide-expense,history-v1,2026-08-02T05:29:44+00:00,2026-08-02T13:29:50+08:00,helpful,按步骤完成了
f-02-0035,s-02-0035,guide-expense,history-v1,2026-08-10T22:30:43+08:00,2026-08-10T14:30:49+00:00,unhelpful,遇到错误后不知道下一步
f-02-0036,s-02-0036,guide-expense,history-v1,2026-08-09T18:54:20+00:00,2026-08-10T02:54:26+08:00,helpful,方便查找
f-02-0037,s-02-0037,guide-expense,history-v1,2026-08-03T20:54:05+08:00,2026-08-03T20:54:11+08:00,helpful,内容清楚
f-02-0039,s-02-0039,guide-expense,history-v1,2026-08-09T12:22:48+00:00,2026-08-09T20:22:54+08:00,unhelpful,遇到错误后不知道下一步
f-02-0043,s-02-0043,guide-expense,history-v1,2026-08-03T16:22:48+08:00,2026-08-03T16:22:54+08:00,helpful,内容清楚
f-02-0045,s-02-0045,guide-expense,history-v1,2026-08-05T05:45:02+00:00,2026-08-05T13:45:08+08:00,helpful,按步骤完成了
f-02-0052,s-02-0052,guide-expense,history-v1,2026-08-11T19:29:43+08:00,2026-08-11T19:29:49+08:00,unhelpful,缺少需要准备的材料
f-02-0053,s-02-0053,guide-expense,history-v1,2026-08-02T10:33:01+08:00,2026-08-02T02:33:07+00:00,helpful,方便查找
f-02-0057,s-02-0057,guide-expense,history-v1,2026-08-03T01:25:39+00:00,2026-08-03T09:25:45+08:00,unhelpful,步骤对不上当前页面
f-02-0061,s-02-0061,guide-expense,history-v1,2026-08-04T21:01:33+08:00,2026-08-04T21:01:39+08:00,unhelpful,步骤对不上当前页面
f-02-0064,s-02-0064,guide-expense,history-v1,2026-08-07T00:18:36+08:00,2026-08-07T00:18:42+08:00,unhelpful,遇到错误后不知道下一步
f-02-0078,s-02-0078,guide-expense,history-v1,2026-08-09T05:10:59+00:00,2026-08-09T13:11:05+08:00,unhelpful,步骤对不上当前页面
f-02-0082,s-02-0082,guide-expense,history-v1,2026-08-04T13:19:38+08:00,2026-08-04T13:19:44+08:00,unhelpful,步骤对不上当前页面
f-02-0085,s-02-0085,guide-expense,history-v1,2026-08-11T12:07:51+08:00,2026-08-11T12:07:57+08:00,unhelpful,步骤对不上当前页面
f-02-0088,s-02-0088,guide-expense,history-v1,2026-08-13T00:28:38+08:00,2026-08-13T00:28:44+08:00,helpful,按步骤完成了
f-02-0090,s-02-0090,guide-expense,history-v1,2026-08-12T18:18:43+00:00,2026-08-13T02:18:49+08:00,unhelpful,步骤对不上当前页面
f-02-0094,s-02-0094,guide-expense,history-v1,2026-08-03T11:23:20+08:00,2026-08-03T11:23:26+08:00,unhelpful,缺少需要准备的材料
f-03-0000,s-03-0000,guide-remote,history-v1,2026-08-02T14:40:31+00:00,2026-08-02T22:40:37+08:00,helpful,内容清楚
f-03-0003,s-03-0003,guide-remote,history-v1,2026-08-09T22:53:19+00:00,2026-08-10T06:53:25+08:00,helpful,按步骤完成了
f-03-0007,s-03-0007,guide-remote,history-v1,2026-08-14T02:34:21+08:00,2026-08-14T02:34:27+08:00,unhelpful,遇到错误后不知道下一步
f-03-0028,s-03-0028,guide-remote,history-v1,2026-08-04T17:24:17+08:00,2026-08-04T17:24:23+08:00,unhelpful,步骤对不上当前页面
f-03-0032,s-03-0032,guide-remote,history-v1,2026-08-02T07:50:49+08:00,2026-08-01T23:50:55+00:00,helpful,按步骤完成了
f-03-0033,s-03-0033,guide-remote,history-v1,2026-08-10T02:45:53+00:00,2026-08-10T10:45:59+08:00,helpful,方便查找
f-03-0037,s-03-0037,guide-remote,history-v1,2026-08-02T17:24:31+08:00,2026-08-02T17:24:37+08:00,helpful,内容清楚
f-03-0039,s-03-0039,guide-remote,history-v1,2026-08-02T18:16:00+00:00,2026-08-03T02:16:06+08:00,unhelpful,步骤对不上当前页面
f-03-0041,s-03-0041,guide-remote,history-v1,2026-08-01T21:47:32+08:00,2026-08-01T13:47:38+00:00,unhelpful,缺少需要准备的材料
f-03-0053,s-03-0053,guide-remote,history-v1,2026-08-07T01:19:08+08:00,2026-08-06T17:19:14+00:00,helpful,内容清楚
f-03-0055,s-03-0055,guide-remote,history-v1,2026-08-10T05:43:42+08:00,2026-08-10T05:43:48+08:00,helpful,按步骤完成了
f-03-0057,s-03-0057,guide-remote,history-v1,2026-08-02T19:39:37+00:00,2026-08-03T03:39:43+08:00,unhelpful,缺少需要准备的材料
f-03-0071,s-03-0071,guide-remote,history-v1,2026-08-13T14:36:05+08:00,2026-08-13T06:36:11+00:00,helpful,内容清楚
f-03-0074,s-03-0074,guide-remote,history-v1,2026-08-02T11:34:47+08:00,2026-08-02T03:34:53+00:00,unhelpful,缺少需要准备的材料
f-03-0077,s-03-0077,guide-remote,history-v1,2026-08-01T10:47:41+08:00,2026-08-01T02:47:47+00:00,helpful,内容清楚
f-03-0078,s-03-0078,guide-remote,history-v1,2026-08-05T23:24:42+00:00,2026-08-06T07:24:48+08:00,helpful,内容清楚
f-03-0080,s-03-0080,guide-remote,history-v1,2026-08-06T15:07:34+08:00,2026-08-06T07:07:40+00:00,unhelpful,步骤对不上当前页面
f-03-0083,s-03-0083,guide-remote,history-v1,2026-08-11T11:24:33+08:00,2026-08-11T03:24:39+00:00,helpful,方便查找
f-03-0086,s-03-0086,guide-remote,history-v1,2026-08-11T11:59:59+08:00,2026-08-11T04:00:05+00:00,helpful,内容清楚
f-03-0089,s-03-0089,guide-remote,history-v1,2026-08-12T12:20:31+08:00,2026-08-12T04:20:37+00:00,unhelpful,步骤对不上当前页面
f-03-0090,s-03-0090,guide-remote,history-v1,2026-08-07T16:13:19+00:00,2026-08-08T00:13:25+08:00,helpful,方便查找
f-03-0103,s-03-0103,guide-remote,history-v1,2026-08-08T10:43:08+08:00,2026-08-08T10:43:14+08:00,unhelpful,遇到错误后不知道下一步
f-03-0104,s-03-0104,guide-remote,history-v1,2026-08-04T19:07:35+08:00,2026-08-04T11:07:41+00:00,helpful,按步骤完成了
f-03-0105,s-03-0105,guide-remote,history-v1,2026-08-02T16:30:37+00:00,2026-08-03T00:30:43+08:00,unhelpful,遇到错误后不知道下一步
f-03-0106,s-03-0106,guide-remote,history-v1,2026-08-07T15:31:45+08:00,2026-08-07T15:31:51+08:00,helpful,方便查找
f-03-0113,s-03-0113,guide-remote,history-v1,2026-08-05T11:57:33+08:00,2026-08-05T03:57:39+00:00,helpful,内容清楚
f-03-0114,s-03-0114,guide-remote,history-v1,2026-08-02T22:24:00+00:00,2026-08-03T06:24:06+08:00,unhelpful,缺少需要准备的材料
f-03-0117,s-03-0117,guide-remote,history-v1,2026-08-08T05:54:45+00:00,2026-08-08T13:54:51+08:00,helpful,方便查找
f-03-0118,s-03-0118,guide-remote,history-v1,2026-08-06T12:18:28+08:00,2026-08-06T12:18:34+08:00,helpful,方便查找
f-03-0120,s-03-0120,guide-remote,history-v1,2026-08-02T16:21:07+00:00,2026-08-03T00:21:13+08:00,helpful,按步骤完成了
f-03-0124,s-03-0124,guide-remote,history-v1,2026-08-06T13:22:02+08:00,2026-08-06T13:22:08+08:00,helpful,方便查找
f-03-0126,s-03-0126,guide-remote,history-v1,2026-08-01T05:00:32+00:00,2026-08-01T13:00:38+08:00,unhelpful,遇到错误后不知道下一步
f-03-0128,s-03-0128,guide-remote,history-v1,2026-08-11T04:27:40+08:00,2026-08-10T20:27:46+00:00,unhelpful,步骤对不上当前页面
f-03-0140,s-03-0140,guide-remote,history-v1,2026-08-02T04:48:04+08:00,2026-08-01T20:48:10+00:00,helpful,按步骤完成了
f-03-0155,s-03-0155,guide-remote,history-v1,2026-08-02T07:08:48+08:00,2026-08-01T23:08:54+00:00,helpful,按步骤完成了
f-04-0001,s-04-0001,guide-map,history-v1,2026-08-12T10:49:22+08:00,2026-08-12T10:49:28+08:00,helpful,方便查找
f-04-0014,s-04-0014,guide-map,history-v1,2026-08-11T22:09:22+08:00,2026-08-11T14:09:28+00:00,helpful,内容清楚
f-04-0026,s-04-0026,guide-map,history-v1,2026-08-13T10:55:59+08:00,2026-08-13T02:56:05+00:00,helpful,方便查找
f-04-0029,s-04-0029,guide-map,history-v1,2026-08-12T20:13:00+08:00,2026-08-12T12:13:06+00:00,helpful,方便查找
f-04-0031,s-04-0031,guide-map,history-v1,2026-08-05T11:46:44+08:00,2026-08-05T11:46:50+08:00,helpful,内容清楚
f-04-0037,s-04-0037,guide-map,history-v1,2026-08-14T07:33:07+08:00,2026-08-14T07:33:13+08:00,helpful,按步骤完成了
f-04-0039,s-04-0039,guide-map,history-v1,2026-08-13T23:15:58+00:00,2026-08-14T07:16:04+08:00,helpful,按步骤完成了
f-04-0044,s-04-0044,guide-map,history-v1,2026-08-06T13:21:17+08:00,2026-08-06T05:21:23+00:00,helpful,按步骤完成了
f-04-0049,s-04-0049,guide-map,history-v1,2026-08-04T10:38:26+08:00,2026-08-04T10:38:32+08:00,helpful,方便查找
f-04-0053,s-04-0053,guide-map,history-v1,2026-08-06T20:57:11+08:00,2026-08-06T12:57:17+00:00,helpful,按步骤完成了
f-04-0063,s-04-0063,guide-map,history-v1,2026-08-07T14:15:44+00:00,2026-08-07T22:15:50+08:00,helpful,方便查找
f-04-0067,s-04-0067,guide-map,history-v1,2026-08-02T05:15:56+08:00,2026-08-02T05:16:02+08:00,helpful,方便查找
f-04-0070,s-04-0070,guide-map,history-v1,2026-08-07T17:14:48+08:00,2026-08-07T17:14:54+08:00,helpful,方便查找
f-04-0071,s-04-0071,guide-map,history-v1,2026-08-10T12:38:42+08:00,2026-08-10T04:38:48+00:00,helpful,按步骤完成了
f-04-0084,s-04-0084,guide-map,history-v1,2026-08-01T03:40:17+00:00,2026-08-01T11:40:23+08:00,helpful,按步骤完成了
f-04-0085,s-04-0085,guide-map,history-v1,2026-08-13T13:12:01+08:00,2026-08-13T13:12:07+08:00,helpful,方便查找
f-04-0087,s-04-0087,guide-map,history-v1,2026-08-02T21:36:21+00:00,2026-08-03T05:36:27+08:00,helpful,方便查找
f-04-0088,s-04-0088,guide-map,history-v1,2026-08-11T23:17:57+08:00,2026-08-11T23:18:03+08:00,helpful,方便查找
f-04-0092,s-04-0092,guide-map,history-v1,2026-08-14T04:20:33+08:00,2026-08-13T20:20:39+00:00,helpful,按步骤完成了
f-04-0093,s-04-0093,guide-map,history-v1,2026-08-12T02:04:07+00:00,2026-08-12T10:04:13+08:00,helpful,内容清楚
f-04-0096,s-04-0096,guide-map,history-v1,2026-08-11T09:09:58+00:00,2026-08-11T17:10:04+08:00,helpful,方便查找
f-04-0100,s-04-0100,guide-map,history-v1,2026-08-07T10:05:11+08:00,2026-08-07T10:05:17+08:00,helpful,内容清楚
f-04-0106,s-04-0106,guide-map,history-v1,2026-08-14T17:36:03+08:00,2026-08-14T17:36:09+08:00,helpful,方便查找
f-04-0109,s-04-0109,guide-map,history-v1,2026-08-10T19:40:17+08:00,2026-08-10T19:40:23+08:00,helpful,内容清楚
f-04-0111,s-04-0111,guide-map,history-v1,2026-08-11T02:32:39+00:00,2026-08-11T10:32:45+08:00,helpful,按步骤完成了
f-04-0115,s-04-0115,guide-map,history-v1,2026-08-07T01:27:29+08:00,2026-08-07T01:27:35+08:00,helpful,按步骤完成了
f-04-0126,s-04-0126,guide-map,history-v1,2026-08-07T21:41:25+00:00,2026-08-08T05:41:31+08:00,helpful,方便查找
f-04-0130,s-04-0130,guide-map,history-v1,2026-08-09T08:58:06+08:00,2026-08-09T08:58:12+08:00,helpful,方便查找
f-04-0133,s-04-0133,guide-map,history-v1,2026-08-10T01:23:59+08:00,2026-08-10T01:24:05+08:00,helpful,内容清楚
f-04-0136,s-04-0136,guide-map,history-v1,2026-08-10T20:27:07+08:00,2026-08-10T20:27:13+08:00,helpful,方便查找
f-04-0139,s-04-0139,guide-map,history-v1,2026-08-10T07:36:28+08:00,2026-08-10T07:36:34+08:00,helpful,按步骤完成了
f-04-0141,s-04-0141,guide-map,history-v1,2026-08-02T07:07:25+00:00,2026-08-02T15:07:31+08:00,helpful,方便查找
f-04-0145,s-04-0145,guide-map,history-v1,2026-08-03T02:36:47+08:00,2026-08-03T02:36:53+08:00,helpful,按步骤完成了
f-04-0151,s-04-0151,guide-map,history-v1,2026-08-05T18:40:27+08:00,2026-08-05T18:40:33+08:00,helpful,按步骤完成了
f-04-0154,s-04-0154,guide-map,history-v1,2026-08-14T15:30:35+08:00,2026-08-14T15:30:41+08:00,helpful,方便查找
f-04-0156,s-04-0156,guide-map,history-v1,2026-08-02T13:34:14+00:00,2026-08-02T21:34:20+08:00,helpful,按步骤完成了
f-04-0157,s-04-0157,guide-map,history-v1,2026-08-09T20:47:41+08:00,2026-08-09T20:47:47+08:00,helpful,按步骤完成了
f-04-0164,s-04-0164,guide-map,history-v1,2026-08-02T12:55:19+08:00,2026-08-02T04:55:25+00:00,helpful,方便查找
f-04-0171,s-04-0171,guide-map,history-v1,2026-08-07T17:58:38+00:00,2026-08-08T01:58:44+08:00,helpful,方便查找
f-04-0174,s-04-0174,guide-map,history-v1,2026-08-02T09:25:11+00:00,2026-08-02T17:25:17+08:00,helpful,按步骤完成了
f-04-0177,s-04-0177,guide-map,history-v1,2026-08-07T01:22:35+00:00,2026-08-07T09:22:41+08:00,helpful,内容清楚
f-04-0184,s-04-0184,guide-map,history-v1,2026-08-13T03:12:39+08:00,2026-08-13T03:12:45+08:00,helpful,方便查找
f-04-0187,s-04-0187,guide-map,history-v1,2026-08-10T19:56:49+08:00,2026-08-10T19:56:55+08:00,helpful,内容清楚
f-04-0191,s-04-0191,guide-map,history-v1,2026-08-11T13:05:32+08:00,2026-08-11T05:05:38+00:00,unhelpful,步骤对不上当前页面
f-04-0194,s-04-0194,guide-map,history-v1,2026-08-08T00:07:49+08:00,2026-08-07T16:07:55+00:00,helpful,内容清楚
f-04-0197,s-04-0197,guide-map,history-v1,2026-08-08T12:47:14+08:00,2026-08-08T04:47:20+00:00,helpful,方便查找
f-04-0203,s-04-0203,guide-map,history-v1,2026-08-04T13:51:10+08:00,2026-08-04T05:51:16+00:00,helpful,按步骤完成了
f-04-0207,s-04-0207,guide-map,history-v1,2026-08-01T22:59:11+00:00,2026-08-02T06:59:17+08:00,helpful,按步骤完成了
f-04-0211,s-04-0211,guide-map,history-v1,2026-08-01T01:38:12+08:00,2026-08-01T01:38:18+08:00,helpful,按步骤完成了
f-04-0215,s-04-0215,guide-map,history-v1,2026-08-09T03:34:05+08:00,2026-08-08T19:34:11+00:00,helpful,方便查找
f-04-0217,s-04-0217,guide-map,history-v1,2026-08-11T22:54:46+08:00,2026-08-11T22:54:52+08:00,helpful,内容清楚
f-04-0225,s-04-0225,guide-map,history-v1,2026-08-11T19:48:37+00:00,2026-08-12T03:48:43+08:00,helpful,方便查找
f-04-0226,s-04-0226,guide-map,history-v1,2026-08-01T02:43:03+08:00,2026-08-01T02:43:09+08:00,helpful,按步骤完成了
f-04-0233,s-04-0233,guide-map,history-v1,2026-08-13T15:25:10+08:00,2026-08-13T07:25:16+00:00,helpful,内容清楚
f-04-0236,s-04-0236,guide-map,history-v1,2026-08-14T21:22:39+08:00,2026-08-14T13:22:45+00:00,helpful,按步骤完成了
f-04-0243,s-04-0243,guide-map,history-v1,2026-08-10T03:56:27+00:00,2026-08-10T11:56:33+08:00,helpful,方便查找
f-04-0244,s-04-0244,guide-map,history-v1,2026-08-09T19:44:30+08:00,2026-08-09T19:44:36+08:00,helpful,内容清楚
f-04-0246,s-04-0246,guide-map,history-v1,2026-08-01T16:00:25+00:00,2026-08-02T00:00:31+08:00,helpful,按步骤完成了
f-04-0247,s-04-0247,guide-map,history-v1,2026-08-10T12:56:36+08:00,2026-08-10T12:56:42+08:00,helpful,内容清楚
f-04-0251,s-04-0251,guide-map,history-v1,2026-08-01T19:32:17+08:00,2026-08-01T11:32:23+00:00,helpful,按步骤完成了
f-04-0252,s-04-0252,guide-map,history-v1,2026-08-01T12:46:53+00:00,2026-08-01T20:46:59+08:00,helpful,按步骤完成了
f-04-0254,s-04-0254,guide-map,history-v1,2026-08-05T22:40:36+08:00,2026-08-05T14:40:42+00:00,helpful,内容清楚
f-04-0261,s-04-0261,guide-map,history-v1,2026-08-13T18:43:25+00:00,2026-08-14T02:43:31+08:00,helpful,内容清楚
f-04-0276,s-04-0276,guide-map,history-v1,2026-08-03T00:49:03+00:00,2026-08-03T08:49:09+08:00,helpful,内容清楚
f-04-0278,s-04-0278,guide-map,history-v1,2026-08-11T12:18:50+08:00,2026-08-11T04:18:56+00:00,helpful,方便查找
f-04-0279,s-04-0279,guide-map,history-v1,2026-08-07T19:29:04+00:00,2026-08-08T03:29:10+08:00,unhelpful,步骤对不上当前页面
f-04-0295,s-04-0295,guide-map,history-v1,2026-08-13T10:16:43+08:00,2026-08-13T10:16:49+08:00,helpful,内容清楚
f-04-0301,s-04-0301,guide-map,history-v1,2026-08-05T15:16:36+08:00,2026-08-05T15:16:42+08:00,helpful,内容清楚
f-04-0307,s-04-0307,guide-map,history-v1,2026-08-05T17:50:35+08:00,2026-08-05T17:50:41+08:00,unhelpful,步骤对不上当前页面
f-04-0309,s-04-0309,guide-map,history-v1,2026-08-02T17:53:37+00:00,2026-08-03T01:53:43+08:00,unhelpful,步骤对不上当前页面
f-04-0310,s-04-0310,guide-map,history-v1,2026-08-14T11:49:31+08:00,2026-08-14T11:49:37+08:00,helpful,方便查找
f-04-0313,s-04-0313,guide-map,history-v1,2026-08-01T02:17:01+08:00,2026-08-01T02:17:07+08:00,helpful,按步骤完成了
f-04-0314,s-04-0314,guide-map,history-v1,2026-08-11T11:27:53+08:00,2026-08-11T03:27:59+00:00,helpful,内容清楚
f-04-0317,s-04-0317,guide-map,history-v1,2026-08-11T16:55:53+08:00,2026-08-11T08:55:59+00:00,helpful,方便查找
f-04-0318,s-04-0318,guide-map,history-v1,2026-08-08T13:50:03+00:00,2026-08-08T21:50:09+08:00,helpful,内容清楚
f-04-0322,s-04-0322,guide-map,history-v1,2026-08-10T07:28:05+08:00,2026-08-10T07:28:11+08:00,helpful,方便查找
f-04-0323,s-04-0323,guide-map,history-v1,2026-08-13T15:11:00+08:00,2026-08-13T07:11:06+00:00,helpful,按步骤完成了
f-04-0324,s-04-0324,guide-map,history-v1,2026-08-01T06:03:33+00:00,2026-08-01T14:03:39+08:00,helpful,按步骤完成了
f-05-0007,s-05-0007,guide-permission,history-v1,2026-08-02T07:22:23+08:00,2026-08-02T07:22:29+08:00,unhelpful,缺少需要准备的材料
f-05-0008,s-05-0008,guide-permission,history-v1,2026-08-07T05:53:52+08:00,2026-08-06T21:53:58+00:00,unhelpful,遇到错误后不知道下一步
f-05-0009,s-05-0009,guide-permission,history-v1,2026-08-09T16:55:02+00:00,2026-08-10T00:55:08+08:00,helpful,内容清楚
f-05-0010,s-05-0010,guide-permission,history-v1,2026-08-01T12:42:43+08:00,2026-08-01T12:42:49+08:00,helpful,内容清楚
f-05-0012,s-05-0012,guide-permission,history-v1,2026-08-07T06:36:05+00:00,2026-08-07T14:36:11+08:00,helpful,方便查找
f-05-0014,s-05-0014,guide-permission,history-v1,2026-08-04T23:22:25+08:00,2026-08-04T15:22:31+00:00,unhelpful,步骤对不上当前页面
f-05-0015,s-05-0015,guide-permission,history-v1,2026-08-05T06:53:42+00:00,2026-08-05T14:53:48+08:00,helpful,按步骤完成了
f-05-0026,s-05-0026,guide-permission,history-v1,2026-08-11T00:33:36+08:00,2026-08-10T16:33:42+00:00,unhelpful,缺少需要准备的材料
f-05-0031,s-05-0031,guide-permission,history-v1,2026-08-08T03:29:11+08:00,2026-08-08T03:29:17+08:00,unhelpful,缺少需要准备的材料
f-05-0033,s-05-0033,guide-permission,history-v1,2026-08-09T04:12:45+00:00,2026-08-09T12:12:51+08:00,unhelpful,缺少需要准备的材料
f-05-0036,s-05-0036,guide-permission,history-v1,2026-08-02T03:57:50+00:00,2026-08-02T11:57:56+08:00,unhelpful,遇到错误后不知道下一步
f-05-0039,s-05-0039,guide-permission,history-v1,2026-08-07T05:30:05+00:00,2026-08-07T13:30:11+08:00,helpful,按步骤完成了
f-05-0041,s-05-0041,guide-permission,history-v1,2026-08-07T13:49:32+08:00,2026-08-07T05:49:38+00:00,helpful,方便查找
f-05-0043,s-05-0043,guide-permission,history-v1,2026-08-04T03:33:37+08:00,2026-08-04T03:33:43+08:00,unhelpful,步骤对不上当前页面
f-05-0048,s-05-0048,guide-permission,history-v1,2026-08-09T05:53:41+00:00,2026-08-09T13:53:47+08:00,unhelpful,步骤对不上当前页面
f-05-0049,s-05-0049,guide-permission,history-v1,2026-08-12T02:58:12+08:00,2026-08-12T02:58:18+08:00,helpful,方便查找
f-05-0063,s-05-0063,guide-permission,history-v1,2026-08-12T15:36:17+00:00,2026-08-12T23:36:23+08:00,unhelpful,缺少需要准备的材料
f-05-0067,s-05-0067,guide-permission,history-v1,2026-08-06T21:26:42+08:00,2026-08-06T21:26:48+08:00,unhelpful,遇到错误后不知道下一步
f-05-0079,s-05-0079,guide-permission,history-v1,2026-08-05T23:38:18+08:00,2026-08-05T23:38:24+08:00,unhelpful,步骤对不上当前页面
f-05-0080,s-05-0080,guide-permission,history-v1,2026-08-13T09:41:10+08:00,2026-08-13T01:41:16+00:00,unhelpful,遇到错误后不知道下一步
f-05-0081,s-05-0081,guide-permission,history-v1,2026-08-09T03:33:07+00:00,2026-08-09T11:33:13+08:00,unhelpful,遇到错误后不知道下一步
f-05-0091,s-05-0091,guide-permission,history-v1,2026-08-11T08:35:59+08:00,2026-08-11T08:36:05+08:00,unhelpful,遇到错误后不知道下一步
f-05-0097,s-05-0097,guide-permission,history-v1,2026-08-11T08:15:05+08:00,2026-08-11T08:15:11+08:00,unhelpful,遇到错误后不知道下一步
f-05-0098,s-05-0098,guide-permission,history-v1,2026-08-03T07:16:26+08:00,2026-08-02T23:16:32+00:00,unhelpful,遇到错误后不知道下一步
f-05-0099,s-05-0099,guide-permission,history-v1,2026-08-03T06:28:51+00:00,2026-08-03T14:28:57+08:00,unhelpful,步骤对不上当前页面
f-05-0102,s-05-0102,guide-permission,history-v1,2026-08-02T23:57:50+00:00,2026-08-03T07:57:56+08:00,helpful,内容清楚
f-05-0107,s-05-0107,guide-permission,history-v1,2026-08-08T01:18:06+08:00,2026-08-07T17:18:12+00:00,helpful,内容清楚
f-05-0108,s-05-0108,guide-permission,history-v1,2026-08-04T02:13:13+00:00,2026-08-04T10:13:19+08:00,unhelpful,遇到错误后不知道下一步
f-06-0003,s-06-0003,guide-faq,history-v1,2026-08-07T20:52:53+00:00,2026-08-08T04:52:59+08:00,helpful,内容清楚
f-06-0007,s-06-0007,guide-faq,history-v1,2026-08-03T19:17:14+08:00,2026-08-03T19:17:20+08:00,helpful,方便查找
f-06-0009,s-06-0009,guide-faq,history-v1,2026-08-07T20:19:06+00:00,2026-08-08T04:19:12+08:00,helpful,按步骤完成了
f-06-0013,s-06-0013,guide-faq,history-v1,2026-08-03T02:00:09+08:00,2026-08-03T02:00:15+08:00,helpful,内容清楚
f-06-0018,s-06-0018,guide-faq,history-v1,2026-08-12T03:26:45+00:00,2026-08-12T11:26:51+08:00,helpful,按步骤完成了
f-06-0019,s-06-0019,guide-faq,history-v1,2026-08-04T23:15:56+08:00,2026-08-04T23:16:02+08:00,helpful,内容清楚
f-06-0021,s-06-0021,guide-faq,history-v1,2026-08-05T15:29:23+00:00,2026-08-05T23:29:29+08:00,helpful,方便查找
f-06-0025,s-06-0025,guide-faq,history-v1,2026-08-12T08:32:53+08:00,2026-08-12T08:32:59+08:00,helpful,方便查找
f-06-0028,s-06-0028,guide-faq,history-v1,2026-08-10T12:47:48+08:00,2026-08-10T12:47:54+08:00,unhelpful,步骤对不上当前页面
f-06-0030,s-06-0030,guide-faq,history-v1,2026-08-05T14:48:58+00:00,2026-08-05T22:49:04+08:00,helpful,方便查找
f-06-0037,s-06-0037,guide-faq,history-v1,2026-08-08T03:56:39+08:00,2026-08-08T03:56:45+08:00,helpful,方便查找
f-06-0051,s-06-0051,guide-faq,history-v1,2026-08-14T08:49:35+00:00,2026-08-14T16:49:41+08:00,helpful,内容清楚
f-06-0056,s-06-0056,guide-faq,history-v1,2026-08-09T22:25:24+08:00,2026-08-09T14:25:30+00:00,helpful,按步骤完成了
f-06-0062,s-06-0062,guide-faq,history-v1,2026-08-05T06:49:00+08:00,2026-08-04T22:49:06+00:00,helpful,内容清楚
f-00-0000,s-00-0000,guide-account,history-v1,2026-08-11T13:05:03+00:00,2026-08-11T21:05:09+08:00,unhelpful,步骤对不上当前页面
f-unknown,s-00-0002,guide-missing,history-v1,2026-08-05T04:53:03+08:00,2026-08-04T20:53:09+00:00,helpful,内容清楚
f-no-session,,guide-account,history-v1,2026-08-04T22:34:39+08:00,2026-08-04T14:34:45+00:00,helpful,按步骤完成了
f-invalid,s-00-0006,guide-account,history-v1,2026-08-03T22:41:44+00:00,2026-08-04T06:41:50+08:00,maybe,缺少需要准备的材料
